{"active": {"dir": "sell", "entry": 4055.26, "sl": 4065.9574273105313, "tp": 4033.865145378938, "t": 1783939500000, "conf": 60, "prob": 58}, "closeT": 1783917000000}