{"active": {"dir": "buy", "entry": 4031.73, "sl": 4020.0126783628975, "tp": 4055.164643274205, "t": 1782461700000, "conf": 79, "prob": 36}, "closeT": 1782449100000}