{"active": {"dir": "buy", "entry": 4054.53, "sl": 4044.0952502902624, "tp": 4075.3994994194754, "t": 1784127600000, "conf": 77, "prob": 57}, "closeT": 1784085300000}