{"active": {"dir": "buy", "entry": 4050.34, "sl": 4043.343819539718, "tp": 4064.332360920564, "t": 1784073600000, "conf": 61, "prob": 41}, "closeT": 1784045700000}