{"active": {"dir": "buy", "entry": 4062.27, "sl": 4051.85566577388, "tp": 4083.0986684522404, "t": 1784646000000, "conf": 67, "prob": 47}, "closeT": 1784637900000}