{"active": {"dir": "sell", "entry": 3977.11, "sl": 3990.2338933976644, "tp": 3950.8622132046717, "t": 1782798300000, "conf": 54, "prob": 40}, "closeT": 1782783000000}