{"active": {"dir": "sell", "entry": 4043.47, "sl": 4051.013775551752, "tp": 4028.3824488964947, "t": 1784835900000, "conf": 54, "prob": 48}, "closeT": 1784811600000}