{"active": {"dir": "sell", "entry": 3985.59, "sl": 3997.9235815055667, "tp": 3960.9228369888665, "t": 1782384300000, "conf": 61, "prob": 59}, "closeT": 1782324000000}