{"active": {"dir": "sell", "entry": 4106.69, "sl": 4108.067534726222, "tp": 4103.934930547553, "t": 1783794600000, "conf": 94, "prob": 52}, "closeT": 1783791000000}