{"active": {"dir": "sell", "entry": 4010.28, "sl": 4017.3486075596643, "tp": 3996.1427848806716, "t": 1782855900000, "conf": 46, "prob": 44}, "closeT": 1782850500000}