{"active": {"dir": "sell", "entry": 4105.48, "sl": 4114.540161359532, "tp": 4087.359677280934, "t": 1784790900000, "conf": 54, "prob": 38}, "closeT": 1784769300000}