{"active": {"dir": "sell", "entry": 4051.52, "sl": 4058.7272049134745, "tp": 4037.1055901730515, "t": 1782689400000, "conf": 57, "prob": 39}, "closeT": 1782684900000}