{"active": {"dir": "buy", "entry": 4173.66, "sl": 4164.294840657112, "tp": 4192.390318685775, "t": 1783054800000, "conf": 54, "prob": 68}, "closeT": 1783041300000}