{"active": {"dir": "sell", "entry": 4102.27, "sl": 4103.443683666384, "tp": 4099.922632667234, "t": 1783808100000, "conf": 66, "prob": 57}, "closeT": 1783804500000}