{"active": {"dir": "buy", "entry": 4125.96, "sl": 4106.4770589872, "tp": 4164.925882025601, "t": 1783006200000, "conf": 82, "prob": 68}, "closeT": 1782998100000}