{"active": {"dir": "sell", "entry": 4068.72, "sl": 4073.876848656562, "tp": 4058.406302686876, "t": 1783898100000, "conf": 49, "prob": 59}, "closeT": 1783890900000}