{"active": {"dir": "buy", "entry": 4077.27, "sl": 4060.267283036542, "tp": 4111.275433926916, "t": 1784040300000, "conf": 100, "prob": 69}, "closeT": 1784033100000}