{"active": {"dir": "sell", "entry": 3993.98, "sl": 4006.4968860645267, "tp": 3968.9462278709466, "t": 1783965600000, "conf": 49, "prob": 52}, "closeT": 1783958400000}