{"active": {"dir": "sell", "entry": 4098.98, "sl": 4107.500182817528, "tp": 4081.9396343649423, "t": 1783710900000, "conf": 53, "prob": 36}, "closeT": 1783689300000}