{"active": {"dir": "sell", "entry": 4104.41, "sl": 4117.746663675254, "tp": 4077.7366726494906, "t": 1783455300000, "conf": 95, "prob": 61}, "closeT": 1783431000000}