{"active": {"dir": "buy", "entry": 4052.58, "sl": 4040.2879780197172, "tp": 4077.164043960565, "t": 1782956700000, "conf": 83, "prob": 68}, "closeT": 1782881100000}