{"active": {"dir": "sell", "entry": 4022.05, "sl": 4037.273147236663, "tp": 3991.6037055266743, "t": 1782745200000, "conf": 94, "prob": 60}, "closeT": 1782732600000}