{"active": {"dir": "sell", "entry": 4092.45, "sl": 4107.070405030161, "tp": 4063.2091899396764, "t": 1782264600000, "conf": 94, "prob": 75}, "closeT": 1782257400000}