{"active": {"dir": "sell", "entry": 4150.45, "sl": 4161.223552623232, "tp": 4128.902894753535, "t": 1783315800000, "conf": 74, "prob": 51}, "closeT": 1783294200000}