{"active": {"dir": "sell", "entry": 4024.8, "sl": 4042.0349424970464, "tp": 3990.330115005908, "t": 1783524600000, "conf": 57, "prob": 38}, "closeT": 1783515600000}