{"active": {"dir": "buy", "entry": 4035.0, "sl": 4024.9278961719247, "tp": 4055.1442076561502, "t": 1782819900000, "conf": 90, "prob": 64}, "closeT": 1782809100000}