{"active": {"dir": "sell", "entry": 4135.65, "sl": 4143.141103648072, "tp": 4120.667792703854, "t": 1783386000000, "conf": 50, "prob": 50}, "closeT": 1783374300000}