{"active": {"dir": "sell", "entry": 4097.16, "sl": 4104.323774067881, "tp": 4082.8324518642394, "t": 1783672200000, "conf": 57, "prob": 42}, "closeT": 1783615500000}