{"active": {"dir": "buy", "entry": 4025.31, "sl": 4017.318426616114, "tp": 4041.2931467677727, "t": 1784009700000, "conf": 60, "prob": 54}, "closeT": 1784001600000}