{"active": {"dir": "sell", "entry": 4118.27, "sl": 4126.097354055024, "tp": 4102.6152918899525, "t": 1784763900000, "conf": 77, "prob": 58}, "closeT": 1784732400000}