{"active": {"dir": "sell", "entry": 4099.67, "sl": 4100.408009973351, "tp": 4098.193980053297, "t": 1783839600000, "conf": 82, "prob": 64}, "closeT": 1783818000000}