{"active": {"dir": "sell", "entry": 4098.5, "sl": 4099.147420724201, "tp": 4097.205158551597, "t": 1783859400000, "conf": 74, "prob": 58}, "closeT": 1783853100000}