{"active": {"dir": "buy", "entry": 4025.48, "sl": 4017.8146485792913, "tp": 4040.810702841418, "t": 1784029500000, "conf": 63, "prob": 44}, "closeT": 1784024100000}