{"active": {"dir": "sell", "entry": 4000.47, "sl": 4015.5864036380694, "tp": 3970.23719272386, "t": 1784213100000, "conf": 100, "prob": 61}, "closeT": 1784205900000}