{"active": {"dir": "sell", "entry": 4020.7, "sl": 4042.9153727509433, "tp": 3976.269254498113, "t": 1782308700000, "conf": 77, "prob": 70}, "closeT": 1782300600000}