{"active": {"dir": "buy", "entry": 4078.36, "sl": 4069.920704557308, "tp": 4095.238590885385, "t": 1782512100000, "conf": 94, "prob": 64}, "closeT": 1782487800000}