{"active": {"dir": "sell", "entry": 4097.25, "sl": 4098.344818765546, "tp": 4095.0603624689093, "t": 1783877400000, "conf": 100, "prob": 72}, "closeT": 1783869300000}