{"active": {"dir": "buy", "entry": 4169.35, "sl": 4162.151078770688, "tp": 4183.747842458624, "t": 1783097100000, "conf": 64, "prob": 38}, "closeT": 1783083600000}