{"active": {"dir": "sell", "entry": 4106.81, "sl": 4108.494578675458, "tp": 4103.440842649086, "t": 1783787400000, "conf": 94, "prob": 52}, "closeT": 1783783800000}