{"active": {"dir": "buy", "entry": 4056.37, "sl": 4043.967481197132, "tp": 4081.1750376057357, "t": 1784137500000, "conf": 79, "prob": 54}, "closeT": 1784133000000}