{"active": {"dir": "buy", "entry": 4040.28, "sl": 4031.4979189471737, "tp": 4057.844162105653, "t": 1784607300000, "conf": 69, "prob": 45}, "closeT": 1784595600000}