{"active": {"dir": "buy", "entry": 4019.13, "sl": 4012.042454167527, "tp": 4033.3050916649463, "t": 1784543400000, "conf": 90, "prob": 58}, "closeT": 1784522700000}