{"active": {"dir": "sell", "entry": 4005.66, "sl": 4015.1093162078887, "tp": 3986.7613675842226, "t": 1784558700000, "conf": 71, "prob": 47}, "closeT": 1784550600000}