{"active": {"dir": "sell", "entry": 4077.37, "sl": 4085.8070376686246, "tp": 4060.4959246627504, "t": 1784806200000, "conf": 66, "prob": 45}, "closeT": 1784799000000}