{"active": {"dir": "buy", "entry": 4059.19, "sl": 4051.3802206870537, "tp": 4074.809558625893, "t": 1784626200000, "conf": 57, "prob": 42}, "closeT": 1784617200000}