{"active": {"dir": "buy", "entry": 4113.82, "sl": 4108.1080768542015, "tp": 4125.243846291597, "t": 1783722600000, "conf": 64, "prob": 43}, "closeT": 1783719000000}