{"active": {"dir": "buy", "entry": 4056.43, "sl": 4045.625336822445, "tp": 4078.0393263551096, "t": 1784904300000, "conf": 77, "prob": 58}, "closeT": 1784891700000}