{"active": {"dir": "sell", "entry": 4023.72, "sl": 4029.703521582552, "tp": 4011.752956834895, "t": 1784199600000, "conf": 54, "prob": 32}, "closeT": 1784163600000}