{"active": {"dir": "buy", "entry": 4111.35, "sl": 4104.4825253547315, "tp": 4125.084949290539, "t": 1784719800000, "conf": 54, "prob": 48}, "closeT": 1784682000000}