{"active": {"dir": "buy", "entry": 4105.08, "sl": 4094.4226220049713, "tp": 4126.394755990057, "t": 1783586700000, "conf": 82, "prob": 53}, "closeT": 1783530000000}