{"active": {"dir": "sell", "entry": 4117.0, "sl": 4127.674818856373, "tp": 4095.6503622872533, "t": 1782242100000, "conf": 37, "prob": 40}, "closeT": 0}