{"active": {"dir": "sell", "entry": 4051.34, "sl": 4067.2631894743527, "tp": 4019.493621051295, "t": 1783503000000, "conf": 66, "prob": 36}, "closeT": 1783485000000}