{"active": {"dir": "buy", "entry": 4025.9, "sl": 4007.151877518914, "tp": 4063.396244962172, "t": 1782402300000, "conf": 67, "prob": 51}, "closeT": 1782392400000}